Top queries,Clicks,Impressions,CTR,Position
commspoint,7,238,2.94%,7.49
commspoint journey,3,25,12%,4.92
mediaplanhq,2,171,1.17%,10.57
media planning tools,1,663,0.15%,56.59
nielsen media planning tool,1,67,1.49%,17.34
comspoint,1,33,3.03%,7.18
commspoint influence,1,27,3.7%,5.56
optalx,1,21,4.76%,12.9
adobe advertising cloud,0,1886,0%,55.56
adobe ad cloud,0,1378,0%,56.92
adobe advertising,0,1120,0%,60.53
linkedin campaign manager,0,856,0%,53.52
gwi,0,664,0%,65.77
the trade desk,0,647,0%,69.91
adobe advertising cloud pricing,0,452,0%,70.81
adobe advertising cloud features,0,395,0%,46.82
advertising cloud,0,374,0%,65.95
quantcast,0,351,0%,50.89
dv360,0,338,0%,82.09
media buying software,0,308,0%,55.92
google dv360,0,306,0%,73.61
mediaocean,0,290,0%,52.02
bionic media planning,0,288,0%,21.53
global web index,0,260,0%,38.22
amazon dsp,0,258,0%,69.9
trade desk,0,254,0%,71.07
media planning services,0,248,0%,94.57
globalwebindex,0,246,0%,49.12
media buying and planning software,0,246,0%,59.59
comscore,0,238,0%,40.31
media planning software,0,215,0%,60.46
media buying tools,0,203,0%,53.26
comscore competitive intelligence,0,194,0%,19.14
ad cloud adobe,0,181,0%,61.88
digital media planning tools,0,176,0%,69.65
media planning tool,0,173,0%,65.73
advertising cloud adobe,0,165,0%,58.83
media ocean,0,151,0%,51.26
northbeam,0,148,0%,50.6
mediatool,0,141,0%,51.29
"""adobe advertising cloud",0,141,0%,58.16
mri simmons,0,129,0%,67.19
"""adobe ad cloud",0,126,0%,51.11
ad cloud,0,114,0%,85.11
thetrade desk,0,113,0%,77.58
gwi.com,0,100,0%,80.56
campaign manager linkedin,0,99,0%,49.2
strata media buying,0,98,0%,26.35
display & video 360,0,98,0%,65.35
mediatools,0,92,0%,69.5
gwi insights,0,91,0%,26.9
"""adobe advertising",0,84,0%,54.45
comscore media planning software features,0,83,0%,6.3
quantcast programmatic,0,79,0%,46.89
the trade desk demand side platform,0,76,0%,61.49
simulmedia,0,74,0%,45.92
akkio,0,73,0%,54.49
dsp amazon,0,73,0%,75.48
dv360 google,0,73,0%,81.64
media buying tool,0,71,0%,82.2
trade desk advertising,0,70,0%,52.61
"""advertising cloud",0,70,0%,60.31
gwi data,0,70,0%,64.73
audience planning tools,0,69,0%,66.77
gwi platform,0,68,0%,37.31
media planning and buying tools,0,67,0%,49.88
gwi research,0,67,0%,51.42
mediaocean enterprise ad tech platform features,0,65,0%,7.57
the trade desk dsp,0,63,0%,52.41
"""adobe advertising cloud features",0,62,0%,48.03
what is gwi,0,62,0%,53.26
display and video 360,0,61,0%,80.33
gwi pricing,0,60,0%,52.45
"""adobe advertising cloud pricing",0,60,0%,63.13
nielsen media impact,0,59,0%,11.85
media planning software tools,0,58,0%,71.71
gwi tool,0,57,0%,36.09
media planning softwares,0,56,0%,65
gwi market research,0,55,0%,35.76
quantcast.com,0,54,0%,83.26
gwi index,0,53,0%,29.91
media planning platforms,0,53,0%,77.98
the trade desk platform,0,52,0%,48.9
dv 360,0,51,0%,73.76
trade desk programmatic,0,50,0%,57.84
what is comscore,0,50,0%,61.12
gwi.,0,50,0%,62.06
mri-simmons,0,49,0%,69.98
media plan software,0,49,0%,75.9
nielsen commspoint,0,48,0%,7.69
global webindex,0,47,0%,51.89
media buying software platform,0,46,0%,78.13
media planning platform,0,46,0%,78.39
trade desk dsp,0,44,0%,53.57
srds media planning platform,0,44,0%,60.55
digital media planning software,0,44,0%,89.98
media buying and planning tools,0,43,0%,53.23
software media planning,0,43,0%,71.19
advantage media buying software,0,41,0%,35.68
gwi global web index,0,40,0%,30.55
linkedin ads manager,0,40,0%,73.47
dsp trade desk,0,38,0%,53.26
what is criteo,0,38,0%,77.97
resonate platform,0,37,0%,41.65
media planning research tools,0,37,0%,44.3
optimine,0,37,0%,47.03
active campaign reportgarden,0,37,0%,57.16
media planner tool,0,37,0%,76.32
mediaocean predictive budget allocation,0,36,0%,5.39
simmons mri,0,36,0%,68.47
galeforcedigital,0,35,0%,39.51
gwi survey,0,35,0%,56.43
quantcast pricing,0,35,0%,72.51
tradedesk,0,35,0%,82.94
adobe dsp,0,35,0%,90.63
nielsen scarborough,0,34,0%,53.91
keends,0,34,0%,60.5
strata media,0,33,0%,36.67
gwi data coverage,0,33,0%,48.79
is the trade desk a dsp,0,33,0%,56.15
quantcast com,0,33,0%,57.58
gwi consumer insights,0,33,0%,66.88
thetradedesk,0,32,0%,68.16
north beam,0,31,0%,74.13
keen platform,0,30,0%,43.07
comscore pricing,0,30,0%,43.63
linkedin ad campaign manager,0,30,0%,55.5
advantage media software,0,29,0%,44.62
what is adobe advertising cloud,0,29,0%,53.1
linkedin ads campaign manager,0,29,0%,61.45
media planning software tool,0,29,0%,64.97
what is adobe marketing cloud,0,29,0%,85.76
media planning automation,0,28,0%,83.96
tv planning tools,0,28,0%,84.21
the-trade-desk,0,27,0%,56.11
gwi reports,0,27,0%,61.26
recast mmm,0,26,0%,20.85
the trade desk pricing,0,26,0%,54.46
google display and video 360,0,26,0%,70.08
dv360 programmatic,0,26,0%,71.35
advertising planning tools,0,26,0%,77
what is dv360,0,26,0%,97.77
placements-io,0,25,0%,39.04
resonate intelligence,0,25,0%,45.76
gwi media,0,25,0%,48.12
resonate software,0,25,0%,59.8
srds,0,25,0%,67.48
simmons research,0,25,0%,71.6
telmar,0,25,0%,73.68
briefbid,0,24,0%,6.04
media planning and buying software,0,24,0%,58.38
northbeam analytics,0,24,0%,70.54
resonate ai,0,23,0%,38.61
keen decision systems,0,22,0%,40.14
advertising media planning software,0,22,0%,61.86
resonate analytics,0,22,0%,64
ads cloud features,0,22,0%,76.41
quantcast dsp,0,21,0%,24.67
media plan hq,0,21,0%,24.81
what is trade desk,0,21,0%,56.29
media planner tools,0,21,0%,84.38
camphouse mediatool,0,20,0%,4.7
top media planning tools,0,20,0%,58.75
quantcast corporation,0,20,0%,71.5
agency trading desk,0,20,0%,97.55
mri media research,0,19,0%,42.21
strata platform,0,19,0%,60.32
gwi marketing,0,18,0%,39.33
quantcast measure,0,18,0%,45.78
simmons local mri,0,18,0%,52.17
scarborough data,0,18,0%,54.39
"""ad cloud adobe",0,18,0%,58.94
quantcast audience insights,0,18,0%,68.11
kantar srds media planning platform,0,18,0%,73.06
trading desk dsp,0,18,0%,80
trade desk retail media,0,18,0%,86.89
tradedesk dsp,0,18,0%,90.11
mediatool camphouse,0,17,0%,8.41
media tool,0,17,0%,81.12
media planner software,0,17,0%,93.12
strata media planning,0,16,0%,21.69
mediaocena,0,16,0%,45.62
mri consumer research,0,15,0%,63.73
adobe marketing cloud,0,15,0%,68.2
mri-simmons studies,0,15,0%,80.53
mrisimmons,0,14,0%,51.5
gwi report,0,14,0%,52.36
linked in campaign manager,0,14,0%,52.43
google dv 360,0,14,0%,60.29
google display 360,0,14,0%,62.57
media trade desk,0,14,0%,63.93
adobe ad platform,0,14,0%,68.86
best media planning software,0,14,0%,69.57
placements io,0,13,0%,44.54
mri/simmons,0,13,0%,48.46
adobe ads,0,13,0%,66.54
media trading desk,0,13,0%,88.23
media tools,0,13,0%,98
media planning system,0,13,0%,104.38
mediatool com,0,12,0%,32.17
adobe advertising cloud fonctionnalités,0,12,0%,46.42
meta business manager for global,0,12,0%,60.42
adobe programmatic platform,0,12,0%,61.33
mri-simmons survey of the american consumer,0,12,0%,63.25
trade desk features,0,12,0%,70.17
gwi stands for,0,12,0%,79.42
marketing mix modeling tools,0,12,0%,87.92
adobe experience cloud for advertising,0,12,0%,93
www quantcast com,0,12,0%,93
optimine software,0,11,0%,47.55
what is quantcast,0,11,0%,51
multinex,0,11,0%,52.73
what is mri simmons,0,11,0%,65.09
google display & video 360,0,11,0%,69.73
post campaign reporting,0,11,0%,85.36
akkio.com,0,11,0%,88.91
nielsen media impact logo,0,10,0%,7
galeforce media,0,10,0%,42.9
mri data marketing,0,10,0%,62
display video 360,0,10,0%,62.7
mri simmons catalyst,0,10,0%,63.7
simmons data,0,10,0%,76.8
what is dv 360,0,10,0%,81.7
post campaign report,0,10,0%,82.9
simplifi media,0,10,0%,87.4
quantcast amp,0,10,0%,87.5
simpli fi training,0,10,0%,89.1
what does the trade desk do,0,10,0%,90.4
simmons connect mri,0,10,0%,93
scarborough research,0,10,0%,93.8
bionic media planning software,0,9,0%,33.44
criteo platform,0,9,0%,38.89
criteo ai,0,9,0%,49.67
quancast,0,9,0%,50.67
what is comscore used for,0,9,0%,53
online media planning tools,0,9,0%,63.67
linkedin manager,0,9,0%,67.67
gwi software,0,9,0%,71.56
free media planning tools,0,9,0%,78.67
criteo shopper graph,0,9,0%,79.78
mediaplan,0,9,0%,92.78
media planning,0,9,0%,98.78
criteo,0,8,0%,39.25
strata media buying software,0,8,0%,43.75
mri-simmons act,0,8,0%,45.12
linked campaign manager,0,8,0%,55.25
the tradedesk,0,8,0%,58.38
media planning automation tools,0,8,0%,74.38
constant contact reportgarden,0,8,0%,91.62
amazon dsp nedir,0,8,0%,93.5
manajer tiktokads,0,8,0%,98.5
media tools guideline,0,7,0%,4.43
trade desk platform,0,7,0%,47.43
advantage advertising software,0,7,0%,53.29
the trading desk,0,7,0%,58.29
budget forecasting with mintcom,0,7,0%,59.43
resonate media,0,7,0%,65.29
medienplan,0,7,0%,65.86
google dv360 login,0,7,0%,69.86
resonate insights,0,7,0%,70
mmmsoftware,0,7,0%,81.57
gwi index meaning,0,7,0%,82.14
dv360 platform,0,7,0%,87.86
budget forecasting mintcom,0,7,0%,90.57
quantcast cost,0,7,0%,92.86
gwi spark,0,6,0%,29.5
keen media,0,6,0%,48.67
resonate data,0,6,0%,49.83
what is northbeam,0,6,0%,49.83
adobe advertising platform,0,6,0%,51.67
akkiohq,0,6,0%,54.5
resonate digital,0,6,0%,56.33
aakio,0,6,0%,59.33
how to use gwi,0,6,0%,59.5
bionic media,0,6,0%,61.17
bionic software,0,6,0%,61.17
what is akkio,0,6,0%,61.5
mediaocean company,0,6,0%,66.67
adaptive mmm software,0,6,0%,73.5
dv360 login,0,6,0%,79
adobe advertising campaign,0,6,0%,79.33
simmons market research,0,6,0%,81.5
strata tool,0,6,0%,82.5
ai media planning tools,0,6,0%,87.33
channel planner,0,6,0%,90.83
quantcast api,0,6,0%,91.83
dsp the trade desk,0,6,0%,98
adobe adtech,0,6,0%,107
guideline media planning,0,5,0%,6.6
keen marketing,0,5,0%,26
nielsen nmi,0,5,0%,42.8
the trade desj,0,5,0%,53.2
best media planning tools,0,5,0%,55
simmons insights,0,5,0%,56
what is the trade desk,0,5,0%,64
adobe advertising solutions,0,5,0%,67.4
audience analytics tools,0,5,0%,69
recast marketing,0,5,0%,72.6
quantcast choice,0,5,0%,73.6
mediaocean pricing,0,5,0%,74
mint budget tool,0,5,0%,74.6
adobe advertising cloud cost,0,5,0%,90.2
amazon demand-side platform,0,5,0%,97.8
"""comscore"" | ""comscore inc."" | ""internet content & information""",0,4,0%,9
keen mmm,0,4,0%,18.5
gwi ai,0,4,0%,31.25
guideline planning,0,4,0%,32.25
linkedin campaign manger,0,4,0%,48.5
the+trade+desk,0,4,0%,50.25
akkiio,0,4,0%,53
trade desk ai,0,4,0%,54.25
akkkio,0,4,0%,54.5
advantage agency software,0,4,0%,58.25
resonate tool,0,4,0%,62.25
google display video 360,0,4,0%,64.25
online media planning software,0,4,0%,69.75
adobe advertising cloud connector,0,4,0%,74
optimine.com,0,4,0%,74.5
integra trade desk,0,4,0%,75
what is mri-simmons,0,4,0%,75.25
adobe adcloud,0,4,0%,79.75
criteo features,0,4,0%,81.25
dv360 campaign,0,4,0%,81.25
media buying tools and platforms,0,4,0%,81.5
media buying software for small agencies,0,4,0%,82
what is google dv360,0,4,0%,82.75
global web index social media,0,4,0%,84.5
mri-simmons segments,0,4,0%,86.25
what does trade desk do,0,4,0%,86.25
criteo advertising platform,0,4,0%,87.75
audience planning,0,4,0%,90.75
quantcast corp,0,4,0%,94.5
post campaign report template,0,4,0%,95.25
what are the best audience research platforms like gwi?,0,4,0%,96
quantcast price,0,4,0%,99
"""quant cast""",0,3,0%,1
comscore multi-platform digital planning features,0,3,0%,6
mediatool.com,0,3,0%,8.67
standard media index media plan automation tool,0,3,0%,9
comscore campaign planning software features,0,3,0%,9.67
recast marketing mix modeling platform,0,3,0%,9.67
gale force media,0,3,0%,15.33
telmarhelixa,0,3,0%,17.33
bionic advertising systems,0,3,0%,31.67
what is criteo's commerce academy,0,3,0%,32.33
nielsen media research,0,3,0%,33.67
com score,0,3,0%,36
comecore,0,3,0%,38
quantacast,0,3,0%,42.67
quantast,0,3,0%,46
resonate ignite,0,3,0%,46
quant cast,0,3,0%,47.67
what is linkedin campaign manager,0,3,0%,48
linkedin campaign manager app,0,3,0%,48.33
campaign manager linked in,0,3,0%,50.67
google video 360,0,3,0%,53
trade dask,0,3,0%,56.33
linkedin campagne manager,0,3,0%,57.67
mri simons,0,3,0%,63
basis dsp,0,3,0%,64.33
scarborough nielsen,0,3,0%,67
mediaocean llc,0,3,0%,71.67
optimine mmm,0,3,0%,78.33
optimn,0,3,0%,80.33
adobe ad wolke tv,0,3,0%,82
what is amazon dsp,0,3,0%,82.67
gwi core,0,3,0%,85.67
what is criteo's dynamic retargeting,0,3,0%,87.67
simpli fi pricing,0,3,0%,90
resonate pricing,0,3,0%,93
recast,0,3,0%,95
"""quantcast""",0,2,0%,1
guideline media,0,2,0%,4.5
guideline mediatools,0,2,0%,4.5
mediaocean ai advertising platform features,0,2,0%,6
gwi spark pricing,0,2,0%,9
"evaluate the media & information services company comscore on media plan 
automation tool",0,2,0%,12
bionic ads,0,2,0%,24.5
gwi api,0,2,0%,29.5
comscore data,0,2,0%,36.5
global.web index,0,2,0%,37
is quantcast a dsp,0,2,0%,38
commscore,0,2,0%,38.5
what is mediaocean,0,2,0%,40.5
linkedin+campaign+manager,0,2,0%,42
quantcasr,0,2,0%,42
galeforce digital technologies,0,2,0%,44
campaign manager linked,0,2,0%,45.5
audience planning tool,0,2,0%,46
mri simmons survey of the american consumer,0,2,0%,46.5
trde desk,0,2,0%,47
strata software media buying,0,2,0%,47.5
global web indez,0,2,0%,49
quantcast academy,0,2,0%,49
tradedesj,0,2,0%,51
mri-simmons insights,0,2,0%,51.5
comscore tutorial,0,2,0%,52
"""dv360""",0,2,0%,52.5
app.akkio,0,2,0%,53
northbream,0,2,0%,54
google dv360 suite,0,2,0%,54.5
nielsen methodology,0,2,0%,55
quantcast revenue,0,2,0%,56.5
displayvideo360,0,2,0%,58
linkedin campaignmanager,0,2,0%,59
linekdin campaign manager,0,2,0%,60
mri simmons data,0,2,0%,60
quantcast platform,0,2,0%,60
linkedin ad manager,0,2,0%,60.5
what does comscore do,0,2,0%,60.5
mri-simmons catalyst,0,2,0%,61
what is tradedesk,0,2,0%,61
adobe advertising cloud 機能,0,2,0%,61.5
dv 360 google,0,2,0%,61.5
google display & video 360 (dv360),0,2,0%,63.5
campaign planner tool,0,2,0%,64.5
adobe marketing platform,0,2,0%,65.5
what is meta business manager,0,2,0%,65.5
logiciel mediaplanning,0,2,0%,68.5
media planning solutions,0,2,0%,69.5
nielsen media impact download,0,2,0%,69.5
gwi ma,0,2,0%,70
find alternatives to gwi for consumer insights.,0,2,0%,71
the trade dest,0,2,0%,71
he trade desk,0,2,0%,71.5
helixa,0,2,0%,74
comscore o que é,0,2,0%,74.5
adobe demand side platform,0,2,0%,76
media planning service,0,2,0%,76
adobe advertising cloud benefits,0,2,0%,76.5
multichannel tool,0,2,0%,79.5
adobe advertising cloud preise,0,2,0%,80
what is a trade desk,0,2,0%,80
who is mri simmons,0,2,0%,80.5
mint cm,0,2,0%,81.5
globle web index,0,2,0%,82
northbeam attribution,0,2,0%,82
ttd dsp,0,2,0%,83.5
akkio que es,0,2,0%,84
comscore media metrix,0,2,0%,85.5
how to use linkedin campaign manager,0,2,0%,86
online media buying software,0,2,0%,87.5
audience analytics tool,0,2,0%,89.5
akkio chat explore,0,2,0%,91.5
amazon demand side platform,0,2,0%,91.5
criteo monetization,0,2,0%,91.5
is trade desk a dsp,0,2,0%,92
gwi company,0,2,0%,92.5
trade desk dsp certification,0,2,0%,92.5
adobe advertising agency,0,2,0%,93.5
post campaign analysis report,0,2,0%,94.5
akkio logo,0,2,0%,95
comscore networks,0,2,0%,95.5
automated media planning,0,2,0%,96
how to get to tiktok ad manager,0,2,0%,96
optimize audience measurement across platforms,0,2,0%,96.5
ad planning software,0,2,0%,98.5
quantcast competitors list,0,2,0%,99.5
"evaluate the media and information services company guideline on media plan 
automation tool",0,1,0%,5
bluhorn,0,1,0%,6
"media and information services company guideline ai marketing planning 
software",0,1,0%,6
strata,0,1,0%,6
nielsen,0,1,0%,8
mediaocean ad tech platform campaign management features,0,1,0%,9
comscore marketing planning software features,0,1,0%,10
"evaluate the media and information services company comscore on media plan 
automation tool",0,1,0%,10
"evaluate the media and information services company comscore on media 
planning software",0,1,0%,10
mediatool pricing,0,1,0%,11
keen predictive dialer,0,1,0%,18
gwi audience,0,1,0%,20
srds database,0,1,0%,23
keen planning,0,1,0%,27
mri audience data,0,1,0%,29
northbeam mmm,0,1,0%,30
the trade esk,0,1,0%,30
comscore.,0,1,0%,33
cosmcore,0,1,0%,34
comsocre,0,1,0%,35
scarborough survey,0,1,0%,35
conscore,0,1,0%,36
gwi audience insights,0,1,0%,39
low cost media planning solutions,0,1,0%,40
linkedin campaign planner,0,1,0%,41
keen-decision-systems,0,1,0%,42
amazone dsp,0,1,0%,44
the trade desk products,0,1,0%,44
クリテオ ai,0,1,0%,44
placement io,0,1,0%,45
qantcast,0,1,0%,45
anazon dsp,0,1,0%,46
linkedin campaing manager,0,1,0%,46
the trade des,0,1,0%,46
the trade desk advertising,0,1,0%,46
audience planning tool amazon,0,1,0%,47
display video google,0,1,0%,47
mediaocea,0,1,0%,47
quatcast,0,1,0%,47
teh trade desk,0,1,0%,47
basis media,0,1,0%,48
criteo o que é,0,1,0%,48
online media planner,0,1,0%,48
the trade deak,0,1,0%,49
the trde desk,0,1,0%,49
what does mediaocean do,0,1,0%,49
what is mri simmons survey,0,1,0%,50
adobe media optimizer,0,1,0%,51
amazon audience planning tool,0,1,0%,51
adobe media optimizer login,0,1,0%,52
the trader desk,0,1,0%,52
the trade desk ai,0,1,0%,53
northbeam mmm+,0,1,0%,55
trade desk.,0,1,0%,56
where can i find affordable media planning solutions?,0,1,0%,56
ads linkedin manager,0,1,0%,57
linkedin campaign manage,0,1,0%,57
media tools software,0,1,0%,57
adobe programmatic advertising,0,1,0%,61
gwi-ma,0,1,0%,63
linked in ads manager,0,1,0%,63
media planning data,0,1,0%,63
criteo.net what is it,0,1,0%,65
resonate marketing,0,1,0%,66
adobe advertising cloud support,0,1,0%,68
meta business manager,0,1,0%,68
media planning resources,0,1,0%,69
adobe advertising cloud resources,0,1,0%,70
linked in manager,0,1,0%,70
blu horn,0,1,0%,71
media buying software free,0,1,0%,72
comscore company,0,1,0%,73
media planning services for b2b,0,1,0%,73
adobe media optimizer pricing,0,1,0%,74
global web index pricing,0,1,0%,74
skillshop dv360 certification,0,1,0%,74
halliard,0,1,0%,77
media planning tools free,0,1,0%,77
media planning systems,0,1,0%,79
mediaplanung software,0,1,0%,79
gwi com,0,1,0%,80
the trade desk retail media,0,1,0%,80
adobe ad cloud login,0,1,0%,81
quantcast analytics,0,1,0%,81
what is gwi ma,0,1,0%,81
is gwi reliable,0,1,0%,82
adobe advertising cloud login,0,1,0%,84
googledv360,0,1,0%,84
basis dsp login,0,1,0%,85
bionic advertising,0,1,0%,85
mediaplanning,0,1,0%,86
tiktok reportgarden,0,1,0%,86
keen data,0,1,0%,87
nortbeam,0,1,0%,88
quantcast specs,0,1,0%,88
nielsen ims,0,1,0%,89
quantcast international limited,0,1,0%,89
quantcast rank,0,1,0%,89
resonate.com,0,1,0%,89
criteo commerce academy,0,1,0%,90
srds.com,0,1,0%,90
dv360 google ads,0,1,0%,91
akkip,0,1,0%,92
nielsen competitive media spend,0,1,0%,92
dsp meaning amazon,0,1,0%,93
dv360 marketing,0,1,0%,93
swydo competitors,0,1,0%,93
"""google analytics 360""",0,1,0%,94
automate media planning,0,1,0%,94
gwi group,0,1,0%,94
linkedin campaigns manager,0,1,0%,94
media planing,0,1,0%,95
the trad desk,0,1,0%,95
media buyer software,0,1,0%,96
mri simmons logo,0,1,0%,96
nielsen scarborough logo,0,1,0%,96
quantcast connector,0,1,0%,96
dv360 dsp,0,1,0%,97
"-site:facebook.com -site:fb.me -site:youtube.com -site:youtu.be 
-site:youtube.be -site:twitter.com -site:instagram.com -site:tiktok.com 
-site:vm.tiktok.com -site:t.co -site:x.com -site:reddit.com ""clickup""",0,1,0%,98
adobe advertising cloud certification,0,1,0%,98
how does trade desk work,0,1,0%,98
amazon dps,0,1,0%,99
tiktok advertising manager,0,1,0%,99
adobe advertising cloud avantages,0,1,0%,100
media planners,0,1,0%,100
media planning software free,0,1,0%,100
gwi values,0,1,0%,101
ttd platform,0,1,0%,104